village_id	name
LK-110300501	Sammanthranapura Road
LK-110300502	Sri Wickramapura
LK-110300503	Gemunu pura
LK-110300504	Pichchamal watta
LK-110300505	Gemunupura Road
LK-110301001	Hadala Thotupla Rd
LK-110301002	 farm Rd
LK-110301003	kadiranawath Housing  Scheme
LK-110301004	Mudali john Rodrigo  Mw
LK-110301005	Modara Street
LK-110301006	S.D Fernando Road
LK-110301009	St. Mery's Road
LK-110301010	Pranshawatta Lane
LK-110301011	Kelani Ganga Mill Road
LK-110301012	Sri Kalyani gangarama Mawatha
LK-110301013	Sri Wckrama Mawatha
LK-110301014	Rawatta Lane
LK-110301015	Malwatta Lane
LK-110301016	Center Road
LK-110301017	Saviya Lane
LK-110301018	Fergussion Lane
LK-110301019	Crow Island Road
LK-110301020	Rodrigo place
LK-110301021	Jubili Mawatha
LK-110301023	Church Lane
LK-110301501	Madampitiya Road
LK-110301503	Bloemendhal Road
LK-110301504	Mahawaththa Rd
LK-110301505	Henamulla lane
LK-110301506	Dhawalasingharama Road
LK-110301507	Sri Pagngnanananda Mawatha
LK-110301508	Aluthmawatha Road
LK-110301509	Modera street
LK-110301510	Wist Passage
LK-110301511	St. Brijet Lane
LK-110301512	Rajamalwattha Lane
LK-110301513	Rajamalwaththa Mw
LK-110301515	Hiubet Place
LK-110301516	St. John Lane
LK-110301517	Doctor S D Fernando street
LK-110301518	Mudali Jhon Rodrigo  Mw
LK-110301519	Pergiutions Rd
LK-110301520	Temple Rd
LK-110301521	madampitiya Rd
LK-110301522	Peris Mw
LK-110301523	Bogahawaththa Lane
LK-110301524	John. Rodrigo mawatha
LK-110302001	Lucus Road
LK-110302002	Madampitiya Rd
LK-110302008	Ferguson Road
LK-110302009	Henamulla Kadawura
LK-110302501	Mahawatha Road
LK-110302502	mahawatha lane
LK-110302503	Madampitiya Road
LK-110302504	Nagalagam Veediya
LK-110302505	Srimawo Bandaranayka  Mawatha
LK-110302506	Ferguison Road
LK-110302507	Lucus Road
LK-110303001	Aluthmawatha Road
LK-110303002	Muthuwella Mawatha
LK-110303003	Bluemandel Rd
LK-110303004	Dilasal Street
LK-110303005	Hamsa Lane
LK-110303006	Mosque Lane
LK-110303007	Temple Rd
LK-110303008	maha Santhiyagu waththa
LK-110303009	Wilfred  watha
LK-110303010	St' Jude Mawatha
LK-110303011	Bosan waththa lane
LK-110303012	Madamitiya Rd
LK-110303013	St' James Rd
LK-110303014	St'James  lane
LK-110303015	Walls Lane
LK-110303017	Desal Rd
LK-110303018	Muthuwella Street
LK-110303019	Joshep dias Mawatha
LK-110303020	Moses Lane
LK-110303501	Pickarins Road
LK-110303502	sumthrarama mawatha
LK-110303503	Gunananda Mawatta
LK-110303504	School Lane
LK-110303505	Alwis Place
LK-110303506	Aluthmawatha  Mw
LK-110303508	Upper Andara Mawatta
LK-110303509	Lower Anthare  Mawatta
LK-110303510	De seram Place
LK-110303511	Rock House lane
LK-110303512	Eli Lane
LK-110303514	Dilasal Place
LK-110303515	Redbanawatta Road
LK-110303516	Eli house lane
LK-110303517	16th lane
LK-110303518	17th lane
LK-110303519	Galwala Road  
LK-110303520	Charls Place
LK-110303521	St' Androos Place 
LK-110303522	Sri Ramanadan Road
LK-110303531	18 th Lane
LK-110303532	15 th Lane
LK-110303533	Eli house garden
LK-110303534	Keragala Mawatha
LK-110303535	Perera place
LK-110304002	Parakrama Rd
LK-110304003	Mahawatha Rd
LK-110304004	St' Benadict Mw
LK-110304005	Station lane
LK-110304006	Bluemandel Rd
LK-110304009	Mayfield Lane
LK-110304010	Paramanandavihara Mawatha
LK-110304011	K. Cyril C. Perera Mawatha
LK-110304012	Sirimavo Bandaranayake Mawatha
LK-110304015	Ranaviru Rohan Rodrigo Mawatha
LK-110304017	5th Lane
LK-110304018	6th lane
LK-110304019	7th lane
LK-110304020	Alwis Place
LK-110304021	Kotahena Street
LK-110304022	Mahakumarage Mawatha
LK-110304023	Jampata Street
LK-110304024	Nagalagam Street
LK-110304025	Geroge R de Silva Mawatha
LK-110304026	Galpotha Street
LK-110304027	Benajin Road
LK-110304028	St.Lucia Road
LK-110304029	St.Lucia Street
LK-110304030	St.Lucia Square
LK-110304031	8 th lane
LK-110304032	9 th lane
LK-110304501	Wasala Rd
LK-110304502	paramananda vihara Mw
LK-110304503	Galpotha street
LK-110304505	St' lucia street
LK-110304506	Mayfield lane
LK-110304507	Borajian Rd
LK-110304508	Kotahena street
LK-110304510	K Siril C Perera Mw
LK-110304511	Goerge R D Silva Mawatha
LK-110304512	Jampatta street
LK-110304513	8 th lane
LK-110304514	9 th lane
LK-110304515	Alwis Place
LK-110304516	St.Lucia Street
LK-110304517	St.Lucia Square
LK-110305001	Kotahena Street
LK-110305002	Gunananda Mawatha
LK-110305003	Pikarins Mw
LK-110305004	Sri Ramanadan Mw
LK-110305005	Jampattah street
LK-110305008	Bonjian Rd
LK-110305011	Geroge R de Silva Mawatha
LK-110305012	Isakimuththu Place
LK-110305013	College Street
LK-110305014	Jinananda Mawatha
LK-110305015	11 th Lane
LK-110305016	13 th Lane
LK-110305017	14 th Lane
LK-110305501	jampata street
LK-110305503	Rathnam Rd
LK-110305504	St. Anthoni Road
LK-110305505	Viwekananda Road
LK-110305506	Andiwal street
LK-110305507	Sea street
LK-110305508	Brass Pownder street
LK-110305509	sri kadiresation street
LK-110305510	Ginthupitiya Road
LK-110305511	main street
LK-110305512	Sea street
LK-110305513	hill street
LK-110305514	Lokuru street
LK-110305515	wolfendal  Street
LK-110305517	Beach Lane
LK-110305518	Garboss lane
LK-110305520	China Street
LK-110305521	Perera Mawatha
LK-110305522	St.John Street
LK-110305523	Bangasala Street
LK-110305524	Newham Square
LK-110306002	woflfendol  Lane
LK-110306003	Bodhirajarama Lane
LK-110306004	Lokuru Street
LK-110306005	Jinthupitiya Street
LK-110306006	Vivekananda Street
LK-110306007	Jampata Street
LK-110306008	New Hetti Weediya
LK-110306009	Sangamitha Mw
LK-110306010	Hinni Appuhami Mw
LK-110306011	Maha Vidyala Mw
LK-110306012	Adiwal Street
LK-110306501	Maha Vidyala Mawatha
LK-110306503	Green Lane
LK-110306505	Sangamitta Mawatha
LK-110306506	Sri Sumanathissa Mawatha
LK-110306507	Abdul Jabbar Mawatha
LK-110306508	Hussainia Street
LK-110306509	1st Mosque Lane
LK-110306510	Central Road
LK-110306511	Rathanajothi Sarawanamuttu Mawatha
LK-110306512	Old moor Street
LK-110306513	 Court Road
LK-110306514	Gause Mohideen Mawatha
LK-110306515	New moor Street
LK-110306516	Messenjer Street
LK-110307001	sri sumanathissa Mawatha
LK-110307002	Sri Sangaraja Mw
LK-110307004	Leyards Brodway Road
LK-110307005	Grandpass Rd
LK-110307006	Sri bodhiraja  pedesa
LK-110307007	Sri bodhiraja  pedesa
LK-110307008	Prakrama Rd
LK-110307009	Messenger street
LK-110307011	Bandaranayaka Mw
LK-110307013	Chethawana Road
LK-110307501	Stase Rd
LK-110307504	Grandpass Rd
LK-110307505	Babapulle Place
LK-110307506	Keththarama Mawatha
LK-110307511	BaseLine Lane
LK-110307513	Sri Saddharama Mawath
LK-110307514	Lakmanj Square
LK-110307515	Bodirajarama MW old street
LK-110307516	Maligawaththa
LK-110307517	Danister de silva Mawatha
LK-110308001	St. Joseph Street
LK-110308002	St' Joseph Place
LK-110308003	3rd Lane
LK-110308004	Stece Road
LK-110308005	Maha kumarage Rd
LK-110308006	Awval Saviya Rd
LK-110308007	Swarna chaithaya RD
LK-110308008	Gemunu Lane
LK-110308009	Dewose Lane
LK-110308010	Grand pass Rd
LK-110308011	Keththarama Mawatha
LK-110308012	Malwaththa lane
LK-110308013	Mahakumarage Road
LK-110308014	Leyads brodeway Road
LK-110308015	Parakrama Road
LK-110308501	Stace Rd
LK-110308503	Awwal savia Road
LK-110308504	Grandpass road
LK-110308505	19th lane
LK-110308506	Nawaganpura Flats
LK-110309001	jumma musjeed mawatha
LK-110309002	sri saddarma mawatha
LK-110309003	Maligawatha Road
LK-110309004	school Lane
LK-110309005	Dematagoda Road
LK-110309006	Baseline Road 
LK-110309007	Mallikarama Rd
LK-110309009	Maligawaththa Lane
LK-110309011	Jayantha veerasekara MW
LK-110309012	Station House Scheme
LK-110309013	Keththarama temple Road
LK-110309014	St. Anthony Road
LK-110309501	pradeepa mawatha
LK-110309503	Jumma masjeed Road
LK-110309507	Maligawatta Place
LK-110309508	Maligawatta Road
LK-110309510	Sri Sangaraja Mawatha
LK-110309511	Hon Baron Jayathilaka Mw
LK-110310002	Mihindu Mawatha
LK-110310004	St. Sbestiyan Road
LK-110310005	Peer Saibu Lane
LK-110310006	Dam Street
LK-110310007	Miraniya Street
LK-110310008	Silver Smith Lane
LK-110310009	Bandaranayaka Mawatha
LK-110310010	Hill Carssel Place
LK-110310011	Abdul Hameed Street
LK-110310502	Bandaranayaka Mw
LK-110310503	Hill Carsel Place
LK-110310504	Abdul Hameed Road
LK-110310505	Kumara  Enterance
LK-110310506	Meeraniya Street
LK-110310507	Mill Street
LK-110310508	Bellment Street
LK-110310509	Oilmen Street
LK-110310510	Wilson Street
LK-110310511	Old Moor street
LK-110310512	Sri Sangaraja Mw
LK-110311001	wolfendal  Street
LK-110311002	Centrel Rd
LK-110311003	1st Mosque Lane
LK-110311004	New Moor  Street
LK-110311005	Price Place
LK-110311006	Sonders place
LK-110311007	Dam street
LK-110311008	St. Bastian Rd
LK-110311009	 Dais place
LK-110311010	Bere Lane
LK-110311011	Akbar Lane
LK-110311012	Umbichi Place
LK-110311013	Gouse Mohideen MW
LK-110311014	Old Yone street
LK-110311501	Olcot Mw
LK-110311502	Main Street
LK-110311505	Gaboss Lane
LK-110311507	Gas work  Rd
LK-110311509	1st Cross Rd
LK-110311510	2nd Cross Rd
LK-110311511	3rd Cross Rd
LK-110311512	4th Cross Rd
LK-110311513	5th Cross Rd
LK-110311514	Maliban Street
LK-110311515	Mayuri  Lane
LK-110311516	Kumara Street
LK-110311519	Kosala  Lane
LK-110311520	Keerthi Lane
LK-110311521	China Lane
LK-110311522	Bastiyan Mw
LK-110311524	Flower Rd
LK-110311525	N.H.M Abdhul kadar MW
LK-110311526	I.X. Perera Mw
LK-110311527	St. John Street
LK-110312003	Lotus Rd
LK-110312006	Lanka Bank Rd
LK-110312007	York Street
LK-110312009	Hospital Lane
LK-110312010	Chathum Street
LK-110312011	Janadipathi Mw
LK-110312012	Mudalige Mw
LK-110312013	Bristal Street
LK-110312014	Duke Street
LK-110312016	Sir. Chiththapplam A. Gadner Mw
LK-110312018	I.X. Perera Mw
LK-110312019	D.R. Wijewardana Mw
LK-110312020	Upper chatham Street
LK-110312021	Ledan bastiyan MW
LK-110312022	Lower chetham street
LK-110312023	Kodigaha street
LK-110312024	Desamanya Mudalige MW
LK-110312501	Church Lane
LK-110312502	Church Street
LK-110312503	Station Lane
LK-110312504	Ahamad Lane
LK-110312505	Galleface Terrace
LK-110313001	Kumar Rathnam Rd
LK-110313002	Justin Akbar Mw
LK-110313005	Old Harbor Rd
LK-110313006	New Harbor Rd
LK-110313007	Miuse Street
LK-110313009	Java Lane
LK-110313010	Musjidul Jamiya Rd
LK-110313011	Hendry De Mel Mw
LK-110313012	Gladen Lane
LK-110313013	Liveman Lane
LK-110313015	Velan place
LK-110313501	Que Rd
LK-110313502	Que Passage
LK-110313503	Que Lane
LK-110313504	Police Lane
LK-110313506	Union Place
LK-110313507	Union Lane
LK-110313508	Dosan Street
LK-110313509	Voxshall Street
LK-110313510	Vauxhall  Lane
LK-110313511	Kumar Rathnam Rd
LK-110313512	Morgan Rd
LK-110313513	Sri Murugan Street
LK-110313514	Barak Lane
LK-110314001	D.R. Wijewardana Mw
LK-110314002	T. B. Jaya Mw
LK-110314003	Deans Road
LK-110314005	Winayalankara Mw
LK-110314006	Arnold Rathnayaka Mawatha
LK-110314007	Dewanam Piyathissa Mw
LK-110314009	Forbus Lane
LK-110314011	Kovil street
LK-110314501	Mihidu Mw
LK-110314502	Martis Lane
LK-110314503	Bere Lane
LK-110314504	Muhandiram Lane
LK-110314505	Muhandiram Rd
LK-110314506	Gomas Lane
LK-110314507	Olcut Mw
LK-110314508	Sonders Place
LK-110314510	Akbar Lane
LK-110314511	St. Sebasthiyan Street
LK-110314512	Belmunt Street
LK-110314513	Court Street
LK-110314515	Meeraniya Street
LK-110314516	Sanchi Arachchi Watta
LK-110314517	Smith Street
LK-110314518	Wilson Street
LK-110314520	Maradana Rd
LK-110314521	Sri Sangaraja Mw
LK-110314522	Sri Priyadarshana Mw
LK-110315001	Badriya Lane
LK-110315002	Mohideen Musjeed Lane
LK-110315003	Sri. Sangaraja Mw
LK-110315004	Mohideen Musjeed Rd
LK-110315005	 Maradana  1
LK-110315006	Sahir Kasim Rd
LK-110315007	Abesingharama Rd
LK-110315008	Jayantha Werasekara Mw
LK-110315009	Panchikawatta Rd
LK-110315506	Maligawatta Road
LK-110315507	Jayantha Weerasekara Mawatha
LK-110315509	Kureshani Maulana Lane
LK-110315514	School Lane
LK-110315515	Saviya Mosque Lane
LK-110315517	N.M.M Ishaq MW
LK-110316001	Sri Wajiragnana Mawatha
LK-110316002	Kureshani Maulana Mw
LK-110316003	Jalasha Rd (South Side)
LK-110316004	Gosple Lane
LK-110316005	Maligakanda Rd(South)
LK-110316007	Maradana Rd
LK-110316008	Clipton Lane
LK-110316014	Dematagoda Passage
LK-110316501	Piyadasa Sirisena Mw
LK-110316502	Sri Wipulasena Mw
LK-110316503	Deans Rd
LK-110316504	Dewanam Piyathissa Mw
LK-110316506	semans Rd
LK-110316507	S. Mahinda Himi Mw
LK-110316508	Arabic passage
LK-110316509	  Maradana Road
LK-110316510	Mohideen Musjeed Rd
LK-110316511	K.D. David Mw
LK-110316512	T.B Jaya MW
LK-110317001	Ramanayake Mw
LK-110317004	Hunupitiya Rd
LK-110317005	Sri Jinarathana Rd
LK-110317006	Beybrook Place
LK-110317007	Lake Cresent
LK-110317008	Lily Street
LK-110317009	Union Place
LK-110317010	Dharmapala Mw
LK-110317011	Hidepark Coner
LK-110317012	Park Street
LK-110317013	Sir. James Peris Mw
LK-110317014	Staple Road
LK-110317016	Hunupitiya Lake Rd
LK-110317017	Hedjes Court
LK-110317018	Noris Cannal Road
LK-110317019	Wipulasena Mw
LK-110317021	Deens Road
LK-110317022	Poster Lane
LK-110317023	Hunupitiya Cross Road
LK-110317024	Muththaiya Road
LK-110317501	Stuwerd Street
LK-110317502	Wekanda Rd
LK-110317503	Sir. James Peris Mw
LK-110317504	Church Street
LK-110317505	Sonders Court
LK-110317506	Withanage Mw
LK-110317507	Dispansary Lane
LK-110317508	Justin Akbar Mw
LK-110600501	Wadulla
LK-110600502	Wadulla Waththa
LK-110600503	Kambi Kotuwa
LK-110600504	Orugoda Pura
LK-110600505	Garadehipitiya Rd 2/1
LK-110600506	New Kelani Bridge Rd 2/1
LK-110600507	Nawagampura 2nd Step
LK-110600508	New Kelani Pura
LK-110600509	Victoriya Housing Scheme
LK-110600510	Wadulla Watha Janapadaya
LK-110601001	Pelawatha
LK-110601002	Umagiliya Waththa
LK-110601003	New Kelani Bridge
LK-110601004	Nawalokapura 1st Step
LK-110601005	Nawalokapura 2nd Step
LK-110601006	Nawalokapura 3rd Step
LK-110601007	Sedawaththa Rd
LK-110601008	Siripala Pinthu Housing Scheme
LK-110601009	Thudugala Mw
LK-110601010	Garadehipitiya Rd 2/1
LK-110601011	Old Sedawaththa Rd 2/1
LK-110601012	P.J.Perera Mw 2/1
LK-110601501	Kotuwila Main Rd
LK-110601502	Halmulla Rd
LK-110601503	Ambagaha Watha
LK-110602001	Temple Rd 2/1
LK-110602002	Uswaththa Rd 2/1
LK-110602003	Welewaththa Rd 2/1
LK-110602004	Kelani nadeegama 1st step
LK-110602005	Kelani nadeegama 2nd Step
LK-110602006	Kelani nadeegama 3rd step
LK-110602007	Kotuwila Main Road
LK-110602501	Kelanitissa gama
LK-110602502	Weheragoda
LK-110603001	Orugodawatta
LK-110603002	Awissawella Rd 2/1
LK-110603003	New Kelani Bridge Rd 2/1
LK-110603501	Meethotamulla Rd 2/1
LK-110603502	C.G.R Land
LK-110603503	Meethotamulla Lane
LK-110603504	Vihara Mw 2/1
LK-110603505	Perera Mw
LK-110603506	Silva Lane
LK-110603507	Sri Rahula Rd
LK-110603508	Dewalaya Rd
LK-110603509	Wadugodawaththa U.C.Quarters
LK-110603510	Wadugodawatha
LK-110604001	Welewaththa
LK-110604002	Kiththampahuwa
LK-110604501	Old Awissawella Rd
LK-110604502	Jaya Mw
LK-110604503	Kiththampahuwa Rd 2/1
LK-110604504	Gothami Mw 2/1
LK-110604505	Uswaththa Rd 2/1
LK-110604506	Ranashoora Mw
LK-110604507	Lansiyawaththa Rd
LK-110605001	Welewatta
LK-110605002	Ramya Weera Mw
LK-110605003	Ramya Weera Mw 1st Lane
LK-110605004	Gothami Mw 2/1
LK-110605005	Wiwekarama Mw
LK-110605006	Tiss Amunuwela
LK-110605007	A.S.P. Housing
LK-110605501	Mahabuttagamuwa 
LK-110605502	KOhilawaththa welikada Rd 2/1
LK-110605503	Old Awisswella Rd
LK-110605504	Ambathle Rd
LK-110605505	Brendiyawththa Rd
LK-110605506	Brendiyawththa Rd
LK-110605507	Weeramal Mw
LK-110606001	Kohilawaththa Welikada Rd 2/1
LK-110606002	Old Awissawella Rd
LK-110606003	Kohilawaththa Lane
LK-110606501	Kelanimulla riverside Road
LK-110606502	Ambathale Old Rd
LK-110606503	Sri sumana Mw
LK-110606504	Belagama 
LK-110606505	Sri sumana Mw (1/2)
LK-110606506	Awissawella Rd (1/2)
LK-110606507	walgama Rd
LK-110606508	welagama Lane (1/2)
LK-110606509	Hospital Rd (1/2)
LK-110606510	Naagahawela Rd (1/2)
LK-110606511	Belagama Rd
LK-110606512	Belagama Lane
LK-110607001	Ambathale (Parts)
LK-110607002	Kelani Mulla (Parts)
LK-110607003	Galwaana 
LK-110607501	Kelani Mulla (1/2)
LK-110607502	Mulleriyawa (1/2)
LK-110607503	Kelanimulla 2/1
LK-110607504	Mulleriyawa 2/1
LK-110608001	Hospital Rd 2/1
LK-110608002	Awissawella Rd 2/1
LK-110608003	Nagahawela Rd
LK-110608004	Sri Sumana Mw 
LK-110608005	Belagama Rd
LK-110608006	Belagama Lane 2/1
LK-110608007	Galwatha Road
LK-110608501	Weliwala Rd
LK-110608502	Shilananda Mw
LK-110608503	Mahawathta Rd
LK-110608504	Radanwaththa
LK-110608505	Awissawella Rd (1/2)
LK-110608506	I.D.H Rd  (1/2)
LK-110608507	Kaduru gaha Waththa Lane
LK-110608508	Koratuwa RD 1st Lane
LK-110608509	Nagahawela Road
LK-110608510	I.D.H Doowa
LK-110609001	Colombo Awissawella Rd Kuda Buthgamuwa 2/1
LK-110609002	Kohilawaththa Welikada Rd 2/1
LK-110609003	Kuda Buthgamuwa Maha Buthgamuwa Rd 2/1
LK-110609004	Maha Buthgamuwa Tempal Rd
LK-110609005	Wathe Gedara Rd 2/1
LK-110609006	Colombo Awissawella Rd Maha Buthgamuwa 2/1
LK-110609501	Temple Rd
LK-110609502	Maha Buthgamuwa
LK-110609503	R.T' Studio Rd
LK-110609504	Brendiyawaththa 2/1
LK-110609505	Polghapitiya
LK-110609506	Wathe Gedara Rd 2/1
LK-110609507	Awissawella Rd 2/1
LK-110610001	Sangabodi Mw
LK-110610002	Awissawella Rd 2/1
LK-110610003	Dosthara Waththa
LK-110610004	Kumaradasa Place
LK-110610501	Awissawella Rd 2/1
LK-110610502	Pansala Hena Rd 2/1
LK-110610503	Meethotamulla Rd 2/1
LK-110611001	Kolonnawa Rd
LK-110611002	Vihara Mw
LK-110611003	Nagahamulla Rd 2/1
LK-110611004	Ganasiri Mw
LK-110611005	Sugunusara Mw
LK-110611006	Temple Rd
LK-110611007	Nagahamulla Lane
LK-110611501	Awissawella Rd 2/1
LK-110611502	Kolonnawa Rd
LK-110611503	Pansalahena Rd 2/1
LK-110611504	Jathika Niwasa ldama
LK-110611505	Pothuwil Kumbura State Land
LK-110611506	Nagahamulla Rd 2/1
LK-110611507	Sri Wimalarama Rd
LK-110611508	Meethotamulla Rd
LK-110611509	Vihara Mw 2/1
LK-110611510	Jahena Road
LK-110611511	Vihara Mawatha
LK-110612001	Awissawella Rd 2/1
LK-110612002	Kolonnawa Rd 2/1
LK-110612003	Salawaththa Lane
LK-110612004	Puwakgahawatha Rd
LK-110612005	Salawaththa Lane
LK-110612006	G.P.Perera Mw
LK-110612007	Anandarama Mw
LK-110612008	Puwakgahawaththa 1st Lane
LK-110612501	Megoda Kolonnawa
LK-110612502	Part of Gnanananda Himi Mawatha
LK-110612503	Part of Megoda Kolonnawa
LK-110612504	Part of Awissawella Road
LK-110612505	Kokamulla
LK-110612506	Senevirathnaramaya Road
LK-110612507	Haritha Uyana
LK-110612508	Araliya Uyana
LK-110613001	Bopeththa
LK-110613002	Gothatuwa 2/1Part of the 
LK-110613003	Awissawella Rd 2/1
LK-110613004	Ambagaha handiya Rd 2/1
LK-110613501	Gothatuwa New Town Kolonnawa Rd 2/1
LK-110613502	Gothatuwa Ambagha Hndiya Rd 2/1
LK-110613503	Manigamulla Rd 2/1
LK-110613504	Batalandahena Houses 2/1
LK-110614001	Maharige watha
LK-110614002	Talghawatha
LK-110614003	Naghawaththa
LK-110614004	Meeghawatha Road
LK-110614005	Keerthi Mw
LK-110614006	Samagi Mw
LK-110614007	2/1 Delghawatha Rd 
LK-110614501	Awissawella Rd 1/2
LK-110614502	Angoda Mental Hospitel Rd
LK-110614503	Mulleriyawa hospitl Rd
LK-110614504	Kumara Mw
LK-110614505	Sri perakumba Mw
LK-110614506	Godella Mw
LK-110614507	Chongema Rd
LK-110614508	Himbutana Rd 2/1
LK-110614509	Mental Hospital Quarters Angoda
LK-110614510	Chongama
LK-110614511	N.T Perera Mw
LK-110615001	Awissawella Rd
LK-110615002	Udumulla Rd
LK-110615003	Himbutana Rd
LK-110615004	Pethiyagoda Rd
LK-110615005	Baron Tilakananda Mw
LK-110615006	Malgema House
LK-110615007	Shanthi Mw
LK-110615008	Mahawatha Rd
LK-110615009	Sri Perakumba Mw
LK-110615501	Awissawella Road
LK-110615502	Wewa Road
LK-110615503	Udumulla Road
LK-110615504	Maligagodella Road
LK-110615505	Weekanda Rd
LK-110615506	Water Board Housing Scheme
LK-110616001	Maligagodella Rd
LK-110616002	Galwaana Thalahena Rd  
LK-110616003	Part of the Hospital   Wata Para
LK-110616004	Rajasinhe Mw
LK-110616005	Salmal Uyana
LK-110616006	Kbaragala State Land
LK-110616501	Halbarawa
LK-110616502	Rajasingha Gama
LK-110616503	Mulleriyawa Hospital Quarters
LK-110616504	Rajasingha mawatha 1/2
LK-110616505	Thalahena Rd 1/2
LK-110616506	Pubudugama
LK-110616507	Himbutu Uyana
LK-110616508	Hopital Road 1/2
LK-110617001	Thalahena Rd (1/2)
LK-110617002	Galwala Hena Rd
LK-110617003	Bataketiya Rd
LK-110617004	Thalahena Bodiya Rd (1/2)
LK-110617501	Himbutana Rd
LK-110617502	Goda udawaththa Rd
LK-110617503	Jayanthi Mw
LK-110617504	Menik Agara Waththa
LK-110617506	Pancha Waththa
LK-110617507	Udumulla Rd
LK-110617508	Abinawarama Rd
LK-110617509	Polwaththa Gunasekara Mw
LK-110618001	Himbutana Lane 1/2
LK-110618002	Himbutana Rd 1/2
LK-110618003	Jayanthi Mw 1/2
LK-110618004	Jayanthi Lane 1/2
LK-110618005	Angoda Mental Hospital Quartera Rd
LK-110618006	Nila niwasa para
LK-110618501	Pragathi Mw
LK-110618502	Angoda Waththa
LK-110618503	Hospital Rd (1/2)
LK-110619001	Kolonnawa Rd 1/2
LK-110619002	Gothatuwa New Town 1/2
LK-110619003	Pahala Dodamgha Hena
LK-110619004	Kotikawaththa Rd 1/2
LK-110619005	Andihena Rd
LK-110619501	Gothatuwa New Town 1/2
LK-110619502	Kajugahawaththa Housing Scheme
LK-110619503	Gothtuwa Bogaha Juction Rd 1/2
LK-110619504	Gothatuwa Bogaha JunctionRd 1/2
LK-110620001	Gothatuwa
LK-110620002	Nindahena
LK-110620003	Elhena
LK-110620501	I.D.H Rd
LK-110620502	Goverment Factory Quarters
LK-110620503	Gamini Rd Part
LK-110620504	Pirivena Rd Part
LK-110620505	Wijaya Rd Part
LK-110620506	Sudunelum Pura
LK-110621001	Wijaya Rd 1/2
LK-110621002	Keppetipola Mw 1/2
LK-110621003	Gajaba Rd 1/2
LK-110621004	Wijayapura Housing Scheme
LK-110621005	Jayanthi Mw
LK-110621006	Kolonnwa Rd 1/2
LK-110621007	Terance N De Silva Mw
LK-110621008	U.C Flats
LK-110621501	Perakumba Mw 1/2
LK-110621502	Kolonnawa Rd 1/2
LK-110621503	Keppetipola Mw 1/2
LK-110621504	Abaya Pura
LK-110621505	Kumarathunga Munidasa Mw
LK-110621506	Perakumba Lane
LK-110621507	Wijesingha Mw
LK-110621508	Samaranayaka Mw
LK-110621509	Thel Tankiya Rd
LK-110621510	Gajaba Pura 1/2
LK-110622001	Madinnagoda
LK-110622002	Elhena Rd 1/2
LK-110622501	Moravitiya Rd
LK-110622502	Elhena Rd 1/2
LK-110622503	Jaya Mw
LK-110622504	Buthgamuwa Rd 1/2
LK-110622505	Gothtuwa Rd 1/2
LK-110623001	Buthgamuwa 1/2
LK-110623002	Ihala Dodamgahahena
LK-110623003	Balasuriya Waththa
LK-110623004	Dodamgahahena National Hosing Seheme 1/2
LK-110623005	Bandaranayaka Pura
LK-110623006	Kariyawasam Place
LK-110623007	Higgahawaththa Rd
LK-110900501	Welivita Junction
LK-110900502	Atekanuwa
LK-110900503	Bogahawathta
LK-110900504	Palliya Awata
LK-110900505	Heenawathta Elenegoda
LK-110901001	Raggha Wththa
LK-110901002	Book waththa
LK-110901003	Ramahera Rd
LK-110901004	Awissawella Rd
LK-110901005	Wihara Mw
LK-110901501	Leth Terace
LK-110901502	Rajasinha Mw
LK-110901503	Wihara Mw
LK-110901504	Samagi Mw
LK-110901505	Rajasinha Mw
LK-110901506	Gnanawimala Mw
LK-110902001	Kaduwela
LK-110902002	Pattiya Watta Road
LK-110902003	Godella
LK-110902004	Galauda Rd
LK-110902005	Kothalawala
LK-110902006	Kaduwela Town
LK-110902007	Awissawella Rd
LK-110902008	welle Junction 
LK-110902501	Lower Bomiriya
LK-110902502	Karlgaha hena
LK-110902503	Kethe waththa
LK-110902504	Hene waththa
LK-110902505	Annasi waththa
LK-110902506	Galahena Watta 
LK-110902507	Bowila Mw
LK-110903001	Ganewathta Rd
LK-110903002	Kiripattiya Rd
LK-110903003	Jone Keells  Niwasa Rd.
LK-110903004	Rassapaana Rd
LK-110903005	Polhena Rd
LK-110903006	D.A.D Jayawardana Mawatha
LK-110903007	Awissawella Rd
LK-110903501	weke waththa
LK-110903502	Ihala bomiriya
LK-110904001	Undugoda Rd
LK-110904002	Awissawella Rd
LK-110904003	Sirisumanathissa Mw
LK-110904004	Hospital Road
LK-110904005	Kekiriwala Rd
LK-110904501	Medhananda Mw
LK-110904502	Ilukmandiya
LK-110904503	weeke watta
LK-110904504	Arabewthugoda
LK-110904505	Wendesi waththa
LK-110904506	yakala
LK-110904507	Homahena
LK-110904508	Pahala Bomiriya
LK-110905001	Welihinda
LK-110905002	Godella
LK-110905501	Gemunupura
LK-110905502	Bangalaa Wathta
LK-110905503	Wihara Mawatha
LK-110905504	Kothalawala
LK-110905505	Gala uda Rd
LK-110906001	Ganetota
LK-110906002	Suriyaheena
LK-110906003	Gahahena
LK-110906004	Mahadeniya
LK-110906501	wijaya Mw
LK-110906502	Swarnananda niwasa mawatha
LK-110906503	Bathala Waththa
LK-110906504	school lane
LK-110907501	Paththiniyawathta
LK-110907502	Nirpalaya watta
LK-110907503	Pelengahawatta
LK-110907504	Korathota (1/2)
LK-110907505	Waraakanaththa (1/2)
LK-110907506	Abhayapura
LK-110907507	Leak Teras
LK-110908001	Menikkagaara Rd
LK-110908002	Temple watha
LK-110908003	Ranawaka Mulla
LK-110908004	Korathota
LK-110908005	Galabadawathta
LK-110908006	Ransiri uyana
LK-110908007	Waduranmulla
LK-110908008	Raajasinha Mw
LK-110908501	siri Sumanathissa Mw
LK-110908502	Andadolakanda
LK-110908503	Cooperative  Mw
LK-110909001	Egoda Uyana
LK-110909002	Batewela
LK-110909003	Naakadamulla
LK-110909004	Baduwathta
LK-110909005	Jasinmulla
LK-110909006	Eliyagedarawathta
LK-110909007	Dedigamuwa 
LK-110909501	Ranala
LK-110909502	Thalapitiya
LK-110909503	Nawgamuwa
LK-110909504	Batewela
LK-110909505	kendahena 
LK-110909506	walwu waththa
LK-110909507	Kuruduwatha
LK-110910001	Kiriwaththuduwa
LK-110910002	Mahawela
LK-110910003	Meda mandiya
LK-110910004	jambugaha pitiya
LK-110910005	Yasodara mw
LK-110910501	kendahena
LK-110910502	Abilladeniya
LK-110910503	Pitiyage watta
LK-110911001	Dedimuththuduwa
LK-110911002	Willhellme Watha
LK-110911003	Polhena
LK-110911004	Sumanasekara 
LK-110911005	Wellipillewa  waththa
LK-110911501	Shanthalokegema
LK-110911502	Mahadeniya
LK-110911503	Gramodagama 
LK-110911504	Sadasiripura
LK-110911505	Annasiwaththa
LK-110911506	Rathugema New house Scheme
LK-110911507	Sethsirigema
LK-110911508	Mileniyumcity
LK-110911509	Mukalana
LK-110911510	Galwarusawa Rd
LK-110911511	Mahajana Mw
LK-110911512	Egodawththa
LK-110911513	Wewe Mukalana
LK-110912001	Galpoththa Rd
LK-110912002	Bakmeegaha Road
LK-110912003	Dellgahawaththa
LK-110912004	Milangama
LK-110912005	silawimala Mw
LK-110912006	Ananda Bodhi Mw
LK-110912007	Pore athurugirya
LK-110912008	Pathiniya watha
LK-110912009	wijaya Mw
LK-110912010	Co-operative Quarters
LK-110912011	Millenium city zone 6
LK-110912501	Kahanthota Rd
LK-110912502	Mihidu Mw
LK-110912503	Koshena Rd
LK-110912504	Mirishena Rd
LK-110913001	Kaduwela Rd
LK-110913002	Robbet Gunawardhana Mw
LK-110913003	Athurugiriya Rd
LK-110913004	Godellawathta Rd
LK-110913005	Susilarama Rd
LK-110913006	Mihidu Mw
LK-110913007	10Mile post  Rd
LK-110913008	Raja Mw
LK-110913501	Media House
LK-110913502	Bandara Watha
LK-110913503	Hinaty Kumbura
LK-110913504	L S perera
LK-110913505	Sawsiri Mw
LK-110913506	Ambalan Wtta
LK-110913507	Jayasooriya Mw
LK-110913509	Koswatha
LK-110913510	Maha Watha
LK-110913511	Annasi Watha
LK-110913512	Indipendent Mw
LK-110913513	Ekamuthu Mw
LK-110913514	Dutugemunu Mw
LK-110913515	Dewala Rd
LK-110913516	Kaduwela Rd
LK-110913517	Sethsiri Mw
LK-110913518	Samagi Mw
LK-110914001	Thalahena
LK-110914002	Pillewa
LK-110914003	Wijaya Mw
LK-110914004	School Mw
LK-110914005	Parakrama Mw
LK-110914501	Muththettugoda
LK-110914502	Ekamuthu Mw
LK-110914503	Dutugemunu Mw
LK-110914504	Barnt Rd
LK-110914505	Bodiya Rd
LK-110915501	Kalapaluwaawa (1/2)
LK-110915502	Ruwanpura (1/2)
LK-110915503	Walpola
LK-110915504	Halgahadeniya
LK-110915505	Wijithapura Mw
LK-110915506	Sumeda Mw
LK-110915507	Sumedha Mw
LK-110915508	Sadhaham Mw
LK-110915509	Mandawila
LK-110915510	Praakrama Mw
LK-110915511	Ingurugaha watta
LK-110915512	Aggona
LK-110915513	Ruwanpura 
LK-110915514	Mahaiyawathta
LK-110916001	kalapaluwawa
LK-110916002	Halgahadeniya Rd
LK-110916501	Kotuwegoda
LK-110916502	Wedagewathta 
LK-110916503	Gemunu Mw
LK-110916504	Perera Mw
LK-110916505	Delgahawathta Mw
LK-110917001	Polduuwa
LK-110917002	Part the Kaduwela Main Street
LK-110917003	Wihara Mw
LK-110917004	Subhoothipura Mw
LK-110917501	Part the  Udumulla Rd
LK-110917502	Udumulla Rd
LK-110917503	Kottagewathta Rd
LK-110917504	Ramya Mw
LK-110917505	Ruwan Patumaga
LK-110917506	Sethsiri Mw
LK-110917507	Gemunu Mw
LK-110917508	Samagi Mw
LK-110917509	Samurdhi Mw
LK-110917510	Himaliya Mw
LK-110917511	Boogahahena Road
LK-110918001	Kaduwela Rd
LK-110918002	Pannipitiya Rd
LK-110918003	Deniyawathta Rd
LK-110918004	Robert Gunawardhana Mawatha
LK-110918005	Ganahena Rd
LK-110918006	T.C Watta
LK-110918007	Nralu Uyana  Rd
LK-110918008	Dharashana Mw
LK-110918009	Lili Mw
LK-110918501	Korambe
LK-110918502	Batapotha Road
LK-110918503	Batapotha old Rd
LK-110918504	Akuregoda
LK-110918505	Godellawathta
LK-110919001	Udawaththa Rd
LK-110919002	Gonawaththa Rd
LK-110919003	Sumudu Mw
LK-110919004	Kekunagaha Place
LK-110919005	Santhi Pura
LK-110919006	Sewena Place
LK-110919007	Maha Wththa
LK-110919008	Amaragoda Rd
LK-110919009	Darmashoka Rd
LK-110919010	Pothuarawa Rd
LK-110919501	Rathnaarama Rd
LK-110919502	Kahanthota Rd
LK-110919503	Nandasara Mw
LK-110919504	Arangala (1/2)
LK-110919505	Godagama Malabe Rd
LK-110920001	Vidyala Mw
LK-110920002	Athurugiriya/Kaduwela Rd
LK-110920003	Seelawimala Mw
LK-110920004	Abayathissa Mw
LK-110920005	Milleniumcity - v
LK-110920006	Milleniumcity - v
LK-110920501	Godagama Rd
LK-110920502	Borrella Rd
LK-110920503	Kottawa Rd (1/2)
LK-110920504	Kaduwella Rd
LK-110920505	Orewelpitiya Rd
LK-110920506	Gnanawimala Mw
LK-110920507	Rajahena
LK-110921001	Friday  Pola
LK-110921002	Walgema lane
LK-110921003	part the thldiyawela
LK-110921004	Jayanthi Road
LK-110921005	Boralugoda Road
LK-110921006	Gowinna Mw
LK-110921501	Kanathta Rd
LK-110921502	Kanatha lower Road
LK-110921503	Part theAthurugiriya Borella Main Rd
LK-110921504	Sathjaya Mw
LK-110921505	Sampathuyana
LK-110921506	Etabagahawathta
LK-110921507	Perera Mw
LK-110923501	Pelawathta
LK-110923502	Akuregoda Rd
LK-110923503	Wewahena
LK-110923504	Wewa Rd
LK-110923505	Miriswathta
LK-110923506	Naagahamula
LK-110923507	Kumaaragewathta
LK-110923508	Deniya Rd
LK-110923509	Saman uyana
LK-110923510	Diyawanna Uyana
LK-110924001	Jayawadanagama
LK-110924501	Ruhunupura
LK-110924502	Aruppitiya
LK-110924503	Nugedeniya
LK-110925001	pelawatta
LK-110925002	Asiri uyana
LK-110925003	Perera Mw
LK-110925004	Desinha Mw
LK-110925005	M D H jayawardanapura
LK-110925006	Miris Waththa
LK-110925007	Akuregoda Rd
LK-110925501	Pannipitiya Rd
LK-110925502	Dammodaya Mw
LK-110925503	Perakum Mw
LK-110925504	Bodiraja Mw
LK-110925505	Laxsapaana Mw
LK-110925506	South Circle Road 
LK-110925507	New Parliament Rd
LK-110925508	Jayanthipura
LK-110925509	Lili Mw
LK-110926001	Main Street
LK-110926002	Jayapura wathta
LK-110926003	Pannipitiya Rd
LK-110926004	Jayanthipura
LK-110926005	Rajamalwathta Rd
LK-110926006	Kubukgahaduuwa
LK-110926501	Pelawathta
LK-110926502	Sinhapura
LK-110926503	Vijithapura
LK-110926504	Rathnayaka Mw
LK-110926505	Nagahamulla
LK-110926506	Kumaaragewathta
LK-110926507	Pamburugahahena
LK-110926508	Palliya Rd
LK-110927001	Wikramasinhapura
LK-110927002	Wewa kele watta
LK-110927003	Pamburugahahena
LK-110928001	Horahena
LK-110928002	Waduduwa Goda Rd
LK-110928003	Puwakgahadeniyaya Rd
LK-110928004	Horahena Rd
LK-110928005	Malasinhagoda
LK-110928006	Shanthaketharin  watta Rd
LK-110928501	kottawa Rd
LK-110928502	Godagema Rd
LK-110928503	Medagodalanda Rd
LK-110928504	Khanawila Mw
LK-110928505	Thaldiyawela
LK-110928506	Wilgama Eta Amunu kanda
LK-110928507	Galwalawatha
LK-111201001	Thibbatta
LK-111201002	Kanda para
LK-111201003	Nawa kanda para
LK-111201004	Henpita Gammanaya
LK-111201005	Abulgama
LK-111201501	Labupitiya
LK-111201502	Thalumpitiyagoda
LK-111201503	Pilauda
LK-111201504	Kabamulla
LK-111201505	Kekunagodalla
LK-111201506	Godiyana
LK-111201507	Walawwatha
LK-111202001	Atigala
LK-111202002	Godiyana
LK-111202003	Samaragegama
LK-111202004	Liyanagegama
LK-111202005	Barawa
LK-111202006	Vilauda
LK-111202007	Matthamahena
LK-111202008	PansalaGodella
LK-111202009	Naidegodalla
LK-111203501	Nawalamulla
LK-111203502	Lenagala
LK-111204001	Meegasmulla
LK-111204002	Panagoda
LK-111204501	Habarakada
LK-111205001	Mullegama
LK-111205501	Mullegama
LK-111206001	Habarakada
LK-111206501	Panagoda
LK-111206521	Nawala Rd (Millagahawatta Rd )
LK-111207001	Peledhagoda
LK-111207002	Gaminipuraya
LK-111207003	Welisenawaththa
LK-111207004	Sirirathana mawatha
LK-111207005	Karuwalapitiya
LK-111207006	Hettiyawattha
LK-111207501	Meegodadeniya
LK-111207502	Puwakgahahena
LK-111207503	Welisenawaththa
LK-111207504	Sirirathana Mawatha
LK-111207505	Atigala para
LK-111208001	Galwalamulla
LK-111208002	Aththanapola
LK-111208003	Atambagahalanda
LK-111208004	Dikhena
LK-111208005	Sugathan Aderisingha mawatha
LK-111208006	Hibutanmulla
LK-111208007	Panaluwa wattha
LK-111208501	Pinnalanda
LK-111208502	Epitagam Medda
LK-111208503	Aththanapola
LK-111208504	Gammana
LK-111208505	Nahallawaththa
LK-111208506	Mahawaththa
LK-111208507	Thalahena
LK-111209001	Baddegedara mulla
LK-111209002	Naduhena
LK-111209003	Sirimadura Waththa
LK-111209004	Daham mawatha
LK-111209501	Rathabalahena
LK-111209502	Godagamakanda
LK-111209503	Kaludahenawaththa
LK-111210001	Panagoda
LK-111210501	Udhahamudha janapadaya
LK-111211501	Homagama
LK-111212001	Homagama
LK-111212501	Homagama
LK-111213001	Homagama
LK-111213002	Galavilawatta
LK-111213501	Homagama town
LK-111213502	Kandalanda
LK-111214001	Homagama
LK-111215001	Godagamawaththa
LK-111215002	Palpolawattha
LK-111215003	Kirimatta
LK-111215004	Rathabalahena
LK-111215005	Meegahawatta
LK-111215006	Godagama Handiya H.P.T
LK-111215007	Samagi Mawatha
LK-111215501	Puwakwattha
LK-111215502	Muthuhenawatta
LK-111216001	Gehenuwala
LK-111216002	Rukkgaha kottanuwa
LK-111216003	Naduhena
LK-111216004	Kandawatta
LK-111216501	Galabedihena
LK-111216502	Gammana
LK-111216503	Isuru Uyana
LK-111216504	Munasinha waththa
LK-111216505	Halkadhawattha
LK-111216506	Athukorala wattha
LK-111216507	Thuththiripitiya
LK-111216508	Koshenawattha
LK-111216509	Kalumuthuketiya wattha
LK-111216510	Green growe wattha
LK-111216511	Sampathpura
LK-111216512	Gunadharmagama
LK-111216513	Youngama
LK-111217001	Udagewatha
LK-111217002	Gurugewattha
LK-111217003	Ovitigama
LK-111217004	Aggonawattha
LK-111217005	Kaluwaladeniya
LK-111217006	Nagahawattha
LK-111217007	Kajugahayatadeniya
LK-111217501	Kandanawattha
LK-111217502	Kajugahayatadeniya
LK-111217503	Hettigoda
LK-111217504	Ketawaladeniya
LK-111219501	Mahakatuwana
LK-111219502	Galavilawattha
LK-111220501	Puhudelgahawattha
LK-111223001	Mattegoda
LK-111223501	Mattegoda
LK-111224001	Matthagoda
LK-111225001	Hathlahagoda
LK-111225002	Magammana
LK-111226001	Magammana
LK-111226501	Uduwana
LK-111227001	Prasannapura
LK-111227002	Athapaththugoda
LK-111227003	Dolahena
LK-111227004	Arachchigoda
LK-111227005	Delgahawattha
LK-111228001	Pitipana south
LK-111228501	Porikehena
LK-111228502	Ramanidalehena
LK-111229001	Dolahena
LK-111229002	Arachchigoda
LK-111229003	Delgahawattha
LK-111229004	Galagahena
LK-111229005	Ambahena
LK-111229006	Govijanapadaya
LK-111229007	Koswattha
LK-111229501	Diyagama
LK-111230001	Kuruduwattha
LK-111230002	Diyagama west
LK-111231001	Prasanna uyana
LK-111231002	Asiri uyana
LK-111231003	Araliya uyana
LK-111231004	Nadun uyana
LK-111232501	Siddhamulla
LK-111234001	Dobagahawattha
LK-111234002	Jayawardanawattha
LK-111234003	Yatihenawattha
LK-111234004	Koshena
LK-111234005	Iddurugoda
LK-111234501	Kiriwatthuduwa
LK-111235001	Kiriwatthuduwa north
LK-111235002	Munemalewattha
LK-111235501	Munemalewattha
LK-111235502	Yakahaluwa
LK-111236001	Yakahaluwa
LK-111236002	Kandhaketiya
LK-111236003	Godaparagahahena
LK-111236004	Galkanda
LK-111236005	Moragahagalgoda
LK-111236006	Bankanwattha
LK-111236007	Kithulawila
LK-111236501	Kahathudu Gammanaya
LK-111236502	Koshena
LK-111236503	Kiriberiyagodalla
LK-111236504	Wilfred senanayakapura
LK-111236505	Punchi Mukalana
LK-111236506	City of life
LK-111237001	Ukkouwa
LK-111237002	Aluthwattha
LK-111237003	Mahakubura
LK-111237004	Galaboduwawattha
LK-111237501	Kahathuduwa
LK-111239501	Heraliyawala
LK-111239502	Palu ambalangoda
LK-111240501	Weniwelkola
LK-111240502	Singhagama
LK-111500501	Bollathwa
LK-111500502	waragoda
LK-111500503	pilippukanda
LK-111501001	part of the kanampella
LK-111501002	Madda Goalla
LK-111501003	Kapugodella
LK-111501004	Meegahawaththa Junction
LK-111501005	Pansal Godalla
LK-111501006	Biyanwilla Pedesa
LK-111501007	School Place
LK-111501008	Kahawa
LK-111501009	Manakada Road Pedesa
LK-111501501	meegahawthatha
LK-111501502	Randewgama
LK-111501503	kanampella Kotasak
LK-111502001	Maanakada
LK-111502002	Eswathta (1/2)
LK-111502003	Nugagahawathta
LK-111502501	Hathdoowa
LK-111502502	Pragathipura
LK-111502503	Negenahira Kanda
LK-111502504	polhena
LK-111503001	Glenkoos Wathta
LK-111503002	Penrict wathta
LK-111503003	Logan Wathta
LK-111503004	Ukwathta (1/2)
LK-111503005	Kiriwandhala (1/2)
LK-111503501	Kudagama
LK-111503502	Kolaba Waththa
LK-111503503	Akkara Wissa
LK-111503504	Sarwodaya Mw
LK-111503505	Doranakanda Waththa
LK-111503506	Colombawatta/Yahella
LK-111504001	Weralupitiya
LK-111504002	Aluthgedara
LK-111504003	Ambagahawaththa
LK-111504004	Meegahawaththa
LK-111504005	Weralupitiya Pahala
LK-111504501	Manikkyawathta
LK-111504502	Seethagama
LK-111504503	New Hospital place
LK-111504504	Balaskanda
LK-111505001	Colomba Rd
LK-111505002	Rathnapura Rd (1/2)
LK-111505003	Yatiyanthota Rd (1/2)
LK-111505004	Kotaboda Wathta
LK-111505005	Vidyala Rd (1/2)
LK-111505006	Dumriyapala para
LK-111505007	Senevipura
LK-111505008	Seethalena 
LK-111505501	Ukwathta (1/2)
LK-111505502	Honiton Pedesa
LK-111506001	Agra Place
LK-111506002	Mansuriya Mw
LK-111506501	eswathta (1/2)
LK-111506502	Digapotha Rd
LK-111506503	Miriswathta (1/2)
LK-111507001	Dola Ihala paranagama
LK-111507002	Ihala alubodala
LK-111507003	Ihala kosgema
LK-111507501	Thawalgoda
LK-111507502	kahawa
LK-111507503	Gonabaruwa
LK-111507504	Kosgema
LK-111508001	Dethara
LK-111508002	Nabbigoda
LK-111508501	Akarawita
LK-111509001	Kahatapitiya
LK-111509501	Kalu Aggala
LK-111509502	salawa waththa
LK-111509503	Egala Para
LK-111509504	Temple Rd
LK-111509505	Kalu Aggala
LK-111509506	Sudu wella
LK-111509507	Gal Dola Rd
LK-111509508	Brandigampala Rd
LK-111509509	Boralugoda Kotasak
LK-111510001	Salawa
LK-111510002	Boralugoda
LK-111510003	Boralugoda landa
LK-111510004	Anandagama (Salawa Janapadaya)
LK-111510005	Ranawirugama
LK-111510501	Darmagramaya
LK-111510502	Dathurugoda
LK-111510503	Palarotelanda
LK-111511001	Old Koslagama  shop street
LK-111511002	Hedawaththa
LK-111511003	Girls school lane
LK-111511501	Bereegala Kotasak
LK-111511502	Ihala Kosgama (1/2)
LK-111512001	Miriswathta Kotasak
LK-111512002	Aluth ambalama Kotasak
LK-111512003	Dolo Ihala  Kotasak
LK-111512004	Ihala Kosgama Kotasak
LK-111512501	Aluth Ambalama (1/2)
LK-111512502	Bereegala Kotasak
LK-111512503	Miriswathta (1/2)
LK-111512504	Ihala Kosgama (1/2)
LK-111513001	Parth of Kiriwandhala
LK-111513002	Parth of Ukwathta
LK-111513003	Phanham Wathta
LK-111513501	Kotahera
LK-111513502	Tenkiya wathta
LK-111513503	Rathnapura Rd
LK-111514001	Seethawaka
LK-111514002	Halthotawathta
LK-111514003	Wadugodella
LK-111514004	Aaradana Kanda Kotasak
LK-111514005	Malwatta
LK-111514501	Nugewatta
LK-111514502	Galapitamada
LK-111514503	Aradana kanda
LK-111515001	Darmapala Mw
LK-111515002	Elstanwatta
LK-111515003	Colony
LK-111515005	New Colaniya
LK-111515006	Arthur field Division 
LK-111515007	Pragathipura
LK-111515501	puwakpitiya
LK-111515502	Kada weediya
LK-111515503	Dobalanda
LK-111515504	Prachnasara Mw
LK-111515505	Kirwandala
LK-111515506	Wendesi Idama
LK-111516001	Weragolla
LK-111516002	Sirisada
LK-111516003	Ulumadama
LK-111516004	Meepilawa
LK-111516005	Cherition
LK-111516006	Egodagema
LK-111516007	Mepilawa
LK-111516501	Paanalaga Kotasak
LK-111516502	Moragolla
LK-111516503	Weeragolla Kotasak
LK-111516504	Ulumadama
LK-111516505	Galkandha
LK-111517001	Higurala
LK-111517002	Kadugoda North
LK-111517003	Arapangama
LK-111517501	Arapangema
LK-111517502	Karagalla
LK-111517503	Werlupitiya
LK-111518001	Pahala  mabule
LK-111518002	Mawal Gama
LK-111518501	Munamalewatta Nawa Janapadaya
LK-111518502	Galdora Para
LK-111518503	Munamalewatta anawasara Kotasa
LK-111518504	Kaluaggala Kotasa
LK-111518505	Suduwella
LK-111519001	Gira ibula
LK-111519501	Walau Wathta
LK-111520001	Phala Hanwella
LK-111520002	Gagaboda
LK-111520003	Palliya Pedesa
LK-111520004	Kongahalanda
LK-111520005	Disaa Wathta
LK-111520006	Yakabemma Pedesa
LK-111520007	Kon nama Godalla
LK-111520501	pahathgema
LK-111520502	Hanwella
LK-111520503	Wanahagoda Kotasak
LK-111521001	Alwis waththa
LK-111521002	Baduwatta
LK-111521003	Wanahagoda Kotasak
LK-111521004	pahathgama
LK-111521501	Niripola
LK-111522001	Brandigampala
LK-111522501	Kadugoda
LK-111522502	Kahaopola
LK-111522503	Uruwela
LK-111523001	North Ambalam Watta
LK-111523002	Eisten Wathta Ihala Kotasa
LK-111523003	Sirisada part 
LK-111523004	Hapangama Watta
LK-111523501	Digana
LK-111523502	Dunkala Hena
LK-111523503	Sedagowipala
LK-111524001	Lahirugama
LK-111524002	Ihala Wathta
LK-111524003	Siriniwasa Watta
LK-111524004	Ella Kanda
LK-111524501	Mabula
LK-111524502	Karadawala
LK-111525001	Welikanna
LK-111525501	Kahahena
LK-111526001	Neluwattuduwa
LK-111526501	Diddeniya Kotasak
LK-111526502	Keselhenkanda
LK-111526503	Kammalawatta
LK-111527001	Gallmulla Para
LK-111527002	Baduwatta
LK-111527003	Pahathgama Kotasak
LK-111527004	Hanwella Watta Kotasak
LK-111527501	pahathgema
LK-111527502	Temple Rd
LK-111527503	Eriyagolla
LK-111527504	Thunthana
LK-111527505	Ihala Hanwella
LK-111528001	Tekka Heena
LK-111528002	Guluhena
LK-111528003	Jayaweeragoda
LK-111528004	Mihidum Uyana
LK-111528005	Baraawa
LK-111528501	Wediboomiya
LK-111528502	Kooduluvila
LK-111528503	Hela Upper Division 
LK-111529001	Hanwella
LK-111529002	Mahakanda
LK-111529003	Hetanawaya Kanda (1/2)
LK-111529004	Hela Uda Kotasak
LK-111529501	Diddeniya (1/2)
LK-111529502	Halgashena Janapadaya
LK-111529503	KeselhenaKanda
LK-111529504	Muruthagaspitiya
LK-111530001	Elamalawala
LK-111530002	Weliovita Kanda
LK-111530003	Alubogahalanda
LK-111530004	Polgaskanda
LK-111530501	Edikada Mukalana
LK-111530502	Elukowita
LK-111530503	Kadugodakanda
LK-111530504	Pangnagula Watta
LK-111531001	Parth of Eluk Owita
LK-111531002	Ellauda
LK-111531003	Geteemawara
LK-111531004	Koswathta
LK-111531501	Pagnagula
LK-111531502	Wagawatta (Halpe Kotasak)
LK-111531503	Nugethenna
LK-111531504	Kiriathula
LK-111532001	palipola
LK-111532002	palpola
LK-111532003	Palpola Nawa Janapadaya
LK-111532501	Kudakanda
LK-111532502	Hetanawaya Kanda (1/2)
LK-111532503	Koongahalanda
LK-111533001	Helauda (1/2)
LK-111533002	Gammedda
LK-111533003	Ritigahahena
LK-111533004	Thambige Wathta
LK-111533005	Wedibumiya Kotasak
LK-111533006	Egodakele Place
LK-111533007	Kudakanda Kotasak
LK-111533008	Egodakela Kotasak
LK-111533501	Palpalamulla
LK-111534001	Pelpalamulla
LK-111800501	Pinnawala Nort
LK-111801001	Pinnawala South
LK-111801501	Waga Nort
LK-111801502	Pallewasala
LK-111802001	Waga East
LK-111802002	Waga Irida Pola
LK-111802501	Thummodara
LK-111802502	Labugama
LK-111803001	Waga South
LK-111803002	Boraluwathanna
LK-111803501	Siyambalawa
LK-111804002	Kurundeniya
LK-111805001	Waga Wast
LK-111805002	Kelimadala
LK-111805501	Uggalla
LK-111806501	Pitumpe Nort
LK-111807001	Pithumpe South
LK-111807501	Galagedara East
LK-111808001	Galagedara Nort
LK-111808501	Galagedara South
LK-111809001	Padukka
LK-111809501	Arukawatta North
LK-111810001	Arukwatta South
LK-111810501	Ganegoda
LK-111811001	Angampitiya
LK-111811501	Weragala
LK-111812001	Angamuwa
LK-111812501	Udumulla
LK-111813001	Poregedara
LK-111813501	Pahala Padukka
LK-111814001	Liyanwala
LK-111814501	Kurugala
LK-111815001	Madulawa South
LK-111815501	Madulawa Nort
LK-111815502	Jayamuthugama
LK-111816001	Horakandawala
LK-111816501	Dampe
LK-111817001	Beruketiya
LK-111817501	Horagala West
LK-111818001	Horagala East
LK-111818002	Halbarawa
LK-111818501	Beliattavila
LK-111818502	Palpola
LK-111819001	Miriyagalla
LK-111819501	Malagala
LK-111819502	Muruthagahahena
LK-111819503	Koralaima
LK-111819504	Delgahakanda
LK-111820001	Kahawala
LK-111820501	Yatawatura
LK-111821001	Mahingala
LK-111821002	Delgahapitiya
LK-111821501	Ihala Bope
LK-111821502	Gamagewatta
LK-111821503	Wevelketiya
LK-111822001	Gurulana
LK-111822501	Udagama
LK-111823001	Dabora
LK-112100501	Galwala Rd
LK-112100503	Galwala Road 1 st lane
LK-112100504	Galwala Road 2 st lane
LK-112100505	Kanaththa Rd
LK-112100506	kanaththa Road 1st lane
LK-112100507	Buwanakaba Mw
LK-112100509	kanaththa Waththa
LK-112100510	Mirihana Road
LK-112100511	Rajamahavihara Road
LK-112100512	Muththetuwa Road
LK-112100513	Mahawaththa Road
LK-112100514	Mahawaththa Avenue
LK-112100515	Raja mawatha
LK-112100516	Jubili Mawatha
LK-112100517	Newanthipura 11 step
LK-112100518	Newanthipura 111 step
LK-112100519	Old Kottawa Road
LK-112100520	kotte Road
LK-112100521	2 lane
LK-112100522	Wijesekara Mawatha
LK-112101001	Rajamahavahara Mawatha
LK-112101002	Gamini Mawatha
LK-112101003	Mahasen Mawatha
LK-112101004	Perakum Mawatha
LK-112101005	Samagi Mawatha
LK-112101006	Sudharaman Mawatha
LK-112101007	Thalawathugoda Mawatha
LK-112101008	Vijithapura
LK-112101009	Kuilan Mawatha
LK-112101010	Buwanekaba Mawatha (1/2)
LK-112101011	Jayanthi Mawatha
LK-112101012	Senadhilankaragama
LK-112101013	Kurudhuwathta Rd
LK-112101014	Mihidu Mawatha
LK-112101015	Buwanekaba Mawatha (senadilankaaragama)
LK-112101016	Jayagath Road
LK-112101501	madiwela Rd
LK-112101502	Subhadra Mw
LK-112101503	Darmapala Rd
LK-112101504	Vijaya place
LK-112101505	Thalawathugoda Rd
LK-112101506	Dharmarathana Mw
LK-112101507	Obahena Rd
LK-112101508	Gramodaya Rd
LK-112101509	Sigera  Road
LK-112101510	Jaya Mw
LK-112101511	Mandala place
LK-112101513	Mandala pedesa
LK-112101514	Thalapathpitiya Road
LK-112101515	Thalawathugoda Rd
LK-112102001	Pannipitiya Rd
LK-112102002	Madiwela Rd
LK-112102003	Weli Paara
LK-112102004	Ekamuthu Mawatha
LK-112102005	Paasal Mawatha
LK-112102006	Temple Rd
LK-112102007	Preethipura
LK-112102008	Godaparagahawaththa Road
LK-112102009	Bogahawatta Road
LK-112102010	Bodiraja Mawatha
LK-112102501	Pannipitiya Rd
LK-112102502	Kalalgoda Rd
LK-112102503	Uthuwankanda Rd
LK-112102504	Jothikaarama Mawatha
LK-112102505	Hokandara Rd
LK-112102506	Shanthipura
LK-112102507	Samagipura
LK-112102508	Diklan Waththa
LK-112102509	Ruhunupura
LK-112102510	Weerasekara Mawatha
LK-112102511	Dolalanda Waththa
LK-112102512	Weragala Place
LK-112102513	Siripura
LK-112103001	Hokandara Rd
LK-112103002	Ranawaka Wattha
LK-112103003	Kalalgoda Rd
LK-112103004	Menik Waththa
LK-112103005	Gramodaya Mawatha
LK-112103006	Mimanagoda Rd
LK-112103013	Isuru Mawatha
LK-112103014	Weera Mawatha
LK-112103015	Darmayathana Road
LK-112103016	Parakum Mawatha
LK-112103501	Rukmale Rd
LK-112103502	Mlabe Rd
LK-112103503	Liyanagoda Rd
LK-112103504	Horahena Rd
LK-112103505	Sirimal waththa
LK-112104001	Athurugiriya Rd
LK-112104002	wekada Rd
LK-112104003	Vidyala Mw
LK-112104004	Nadudeniya Rd
LK-112104005	Horahena Rd
LK-112104006	nugemulla Rd
LK-112104007	Malabe Rd
LK-112104008	balika niwasa Ra
LK-112104501	Temple Rd
LK-112104502	New town
LK-112104503	school lane
LK-112104504	Thaldiyawala Rd
LK-112104505	walgama Rd
LK-112104506	Athurugiriya Rd
LK-112105001	Athurugiriya Rd
LK-112105002	Wekada Rd
LK-112105003	Wijayapura Rd
LK-112105004	Rukmalgama Niwasa Rd
LK-112105501	Rukmale Rd
LK-112105502	Liyanagoda Rd
LK-112105503	Millagahawaththa Rd
LK-112105504	Hokandara Rd
LK-112105505	Malabe Rd
LK-112106001	Hokandara Rd
LK-112106002	Delgahawaththa Rd
LK-112106003	Berodawaththa
LK-112106004	Hokandara Road 1st Lane
LK-112106005	Hokandara Road 2nd Lane
LK-112106006	Delgahawatta Road 2nd Lane
LK-112106007	John Perera Watta
LK-112106008	Heenpanwila Road
LK-112106009	Atapattu Road
LK-112106501	Borella Rd
LK-112106502	kendahena Wthta Rd (1/2)
LK-112106503	araliya Uyana
LK-112106504	Chinagaha kotunna Rd
LK-112106505	Samagi Mawatha
LK-112106506	Grama Sanwardhana Rd (1/2)
LK-112106507	Maharagama Rd (1/2)
LK-112106508	Annasikotuwa Rd
LK-112106509	Temple Rd
LK-112106510	Dewala Rd
LK-112106511	Weeramawatha
LK-112107001	Polwathta Rd
LK-112107002	Grama Sanwardhana Rd  (1/2)
LK-112107003	Polwatta Pamunuwa Road
LK-112107004	Duwa Watta 1st Lane
LK-112107005	Duwa Watta 2nd Lane
LK-112107006	Araliya Uyana 6th Lane
LK-112107007	Araliya Uyana 6E Lane
LK-112107008	Araliya Uyana 7th Lane
LK-112107009	Araliya Uyana 8th Lane
LK-112107010	Araliya Uyana 9th Lane
LK-112107011	Araliya Uyana 9E Lane
LK-112107012	Araliya Uyana 10th Lane
LK-112107013	Araliya Uyana Watarauma Road
LK-112107014	Araliya Uyana  Dambahena Road
LK-112107501	Pthiregoda
LK-112107502	Pamunuwa Rd
LK-112107503	Polwaththa Rd
LK-112107504	Dewala Road
LK-112107505	Dewala Rd Eksath Mw
LK-112107506	Dewala Rd wihara Mw
LK-112107507	New Hopital  Rd
LK-112107508	Sucharithodaya Rd
LK-112108001	Kanaththa Rd
LK-112108002	1st lane
LK-112108003	2 nd lane
LK-112108004	Samupakara Mw
LK-112108005	Mihindu Mw
LK-112108006	Kurunda Mw
LK-112108007	Koraneris Mw
LK-112108008	Gramasanwardana Mw
LK-112108009	Anura Mw
LK-112108010	Delgahawaththa Avenue
LK-112108011	Chandraloka mw
LK-112108012	Sigera Mw
LK-112108013	3rd Lane
LK-112108014	DelgahawaththaRoad 5th Avenue
LK-112108015	Chandawimala Mawatha
LK-112108016	Thalapathpitiya Road
LK-112108017	Mahawaththa  Rd
LK-112108501	Rahula Pura Ihala 
LK-112108502	Rahulapura  pahala 
LK-112108503	welsiripura
LK-112108504	Pragathipura
LK-112109001	Maadiwela Rd (1/2)
LK-112109002	Bodhiya Road
LK-112109003	Madiwela Rd
LK-112109004	Shalawa Road
LK-112109005	Shalawa Road 1st Lane
LK-112109006	Wijitharama Road
LK-112109008	Part of Thalapathpitiya Road
LK-112109009	Old Kottawa Road
LK-112109010	Shalawa Road Ceylinco Niwasa
LK-112109501	Old Kottawa Rd
LK-112109502	Udeni Waththa Rd
LK-112109503	Kasagahawathta Rd
LK-112109504	Embuldeniya Lane
LK-112109505	Jaya Rd
LK-112109506	Diyakadaheena Rd
LK-112109507	Kubukgaha Pokuna Rd
LK-112109508	Amarathunga Mawathta
LK-112109509	gale Lindha Rd
LK-112109510	Wetakeiyawala Rd
LK-112109511	Samagi Mawatha
LK-112109512	thalapathpitiya Rd
LK-112110001	High level Rd (1/2)
LK-112110002	Old Rd (1/2)
LK-112110003	Nagahawathta Rd 
LK-112110004	Janatha Mawatha (1/2)
LK-112110005	Maaya Mawatha
LK-112110006	Pathiragoda Rd
LK-112110007	Samaja Road
LK-112110009	Old Road
LK-112110010	Samagi Mawatha
LK-112110011	Nalandarama Road
LK-112110012	Viharawatta Road
LK-112110013	Wela Road
LK-112110501	Pamunuwa Rd
LK-112110502	Eksath subasadaka Mw
LK-112110503	Wanatha Rd
LK-112110504	Jayanthi lane
LK-112110505	Jayanthi Mw
LK-112110506	Batadobe Rd
LK-112111001	Colombo Rd
LK-112111002	Old Rd
LK-112111003	Nagahawaththa Rd
LK-112111004	Station Rd
LK-112111005	Pamunuwa Rd
LK-112111501	Dambahena Rd
LK-112111502	Saman Garden
LK-112111503	Granberg Pedesa
LK-112111504	Dimitiyagaha Wathta
LK-112111505	Dimitiyagaha Wathta 
LK-112111506	Dabahena Rd
LK-112111507	Temple Rd
LK-112111508	Temple Lane
LK-112111509	Pamunuwa Rd
LK-112111510	Dumriya Mawathta
LK-112112001	Old Road
LK-112112002	Borella Rd
LK-112112003	Stations Rd
LK-112112004	Mahawatha Rd
LK-112112005	kanaththa Rd
LK-112112006	Kendahena Waththa
LK-112112007	Eksath Mawatha
LK-112112008	Pragathi Mawatha
LK-112112009	Station Road
LK-112112010	Temple Road
LK-112112501	Dumriya Mawathta
LK-112112502	Rukmale Rd
LK-112112503	Hokandara Rd
LK-112112504	Bogahawathta rd
LK-112113001	Malabe Rd
LK-112113002	Athurugiriya Rd
LK-112113003	Meththarama Rd
LK-112113004	Kula sewana Rd
LK-112113005	Ranasingha Mw
LK-112113006	Rukmale Rd
LK-112113007	Henawaththa Rd
LK-112113501	Athurugiriya Rd
LK-112113502	Galawila Road
LK-112113503	Sri Sudharshanarama Mawatha
LK-112113504	Kosgahawatha Rd
LK-112113505	Samanala Mawatha
LK-112113506	Station  Mawatha
LK-112113507	Sarabhoomi Mawatha
LK-112113508	Keenagahawatta
LK-112113509	Keenagahawatta 1st Lane
LK-112113510	Keenagahawatta 2nd Lane
LK-112113511	Guneris Ranasinghe Mawatha
LK-112113512	Ranjith Ranasinghe Mawatha
LK-112114001	Asiri Mawatha
LK-112114002	Nilupul Uyana
LK-112114003	Galabada Waththa
LK-112114004	Mendis Wijesingha Mawatha
LK-112114005	Wekada Rd
LK-112114006	Parakrama Mawatha
LK-112114007	1 st lane
LK-112114008	2 nd lane
LK-112114009	3 rd lane
LK-112114010	4 th lane
LK-112114011	Nugagahalandha Place
LK-112114501	Highlevel Rd
LK-112114502	Hospital Rd
LK-112114503	Galabada Waththa (Mihidu Mawatha)
LK-112114504	Makumbura Rd
LK-112114505	Sirilak Mawatha
LK-112114506	Samagi Mawatha
LK-112114507	Temple Rd
LK-112114508	Nidahas Mawatha
LK-112114509	Shanthi Mawatha
LK-112114510	Maaya Mawatha
LK-112115001	D.D.Kulathunga Mawatha
LK-112115002	Thoranwaththa Rd
LK-112115003	Highlevel Rd
LK-112115501	Horana Rd
LK-112115502	Athurigiriya Rd
LK-112115503	Rukmale Rd
LK-112115504	Highlevel Rd
LK-112115505	Bogahawila Rd
LK-112115506	Samanpura Rd
LK-112115507	Borella Rd
LK-112116001	Oldl Rd
LK-112116002	High level Rd
LK-112116003	Sethsiri pedesa
LK-112116004	Erawwela Rd
LK-112116005	Kadawala Rd
LK-112116501	Highlevel Rd - Right
LK-112116502	Old Rd
LK-112116503	Library Mw
LK-112116504	Mahamegawaththa
LK-112116505	Mahamegawatha Place
LK-112116506	Dehiwala Rd
LK-112116507	Waraketiya Rd
LK-112116508	Gammana Rd
LK-112116509	Gammana Lane
LK-112116510	Anande Maithri Mawathta
LK-112116511	Anande Maithri Mawathta 1 st Lane
LK-112116512	Anande Maithri Mawathta 2 nd Lane
LK-112116513	Erewwala Rd
LK-112116514	Station Rd
LK-112116515	Temple Rd
LK-112116516	Maharagama Cross Road
LK-112116517	Pamunuwa Rd
LK-112116518	Hight lewel Rd - Left
LK-112117001	Piliyandala Rd
LK-112117002	Yahampath Mawatha
LK-112117003	Nandhana Uyana
LK-112117004	Neelammahara Rd
LK-112117005	Saadu Mawata
LK-112117006	Jaya Mw
LK-112117007	Migahawathta Patumaga
LK-112117501	Part of Piliyandala Rd
LK-112117502	Piliyandala 1st lane
LK-112117503	Piliyandala 2nd lane
LK-112117504	Nallaawathta Rd (1/2)
LK-112117505	mahawathta patumaga)
LK-112117506	Nallaawathta Rd (mahawathta patumaga) 1st Lane
LK-112117507	Nallaawathta Rd (mahawathta patumaga) 2nd Lane
LK-112117508	Nallaawathta Rd (mahawathta patumaga) 3rd Lane
LK-112117509	Dhaham Mawathta
LK-112117510	Pilika Rohal Nilaniwasa road
LK-112117511	Katuwawala Rd
LK-112117512	Neelammahara Rd (1/2)
LK-112117513	Weediya Bandara Rd
LK-112117514	Saddharma Vihara Mawatha
LK-112117515	Kohila Kotuwa Rd
LK-112117516	Thappawaththa  Rd
LK-112117517	Henegedara Rd
LK-112117518	Henegedara 1st Lane
LK-112117519	Henegedara 2ndLane
LK-112117520	Dhaham Mawatha
LK-112117521	Daham Mw 1st Lane
LK-112117522	Daham Mw 2nd Lane
LK-112117523	Daham Mw 3rd Lane
LK-112117524	Piliyandala 3rd lane
LK-112118001	Sri wajirama Rd
LK-112118002	Piliyandala Rd
LK-112118003	Nallawaththa Rd
LK-112118004	Hospital Road,
LK-112118005	Daham Mw
LK-112118007	Lake Rd
LK-112118008	Katuwawala Rd
LK-112118009	Nugagahawaththa Rd
LK-112118010	Ambagahapura 1st Lane
LK-112118011	Ambagahapura 2 nd lane
LK-112118012	Ambagahapura 3rd lane
LK-112118013	Ambagahapura 4 th lane
LK-112118501	Lake Road
LK-112118502	Wathtegedara Rd
LK-112118503	Isipathana Rd
LK-112118504	puraana Rd
LK-112118505	Elhena Rd
LK-112118506	High level Rd
LK-112118507	Dehiwala Rd
LK-112118508	Batadhobagaha Watta
LK-112118509	Perakum Mawatha
LK-112118510	Vidyakara Mawatha
LK-112118511	Colombo Rd
LK-112118512	Janatha Rd
LK-112118513	Gramodaya Mawatha
LK-112118514	Kumudu Mawatha
LK-112118515	Lake Rd(Waththegedara )
LK-112118516	Samagipura Mw
LK-112118517	Wijaya Mawatha
LK-112118518	Gemunu Mawatha
LK-112118519	Mihidu Mawatha 1st Lane
LK-112118520	Suramya Mw
LK-112119001	Nawinna old Rd
LK-112119002	Colombo Rd/Highlevel Rd
LK-112119003	Sri Dewananada Rd
LK-112119004	Rajamahavihara  Lane
LK-112119005	Nawinna stations Rd
LK-112119006	Wata Mw
LK-112119007	Wijerama Lane
LK-112119008	Rajamahawihara Mw
LK-112119009	wellyaya Rd
LK-112119010	Sucharitha Mawatha
LK-112119011	Janatha Rd
LK-112119012	Bndaradeniya lane
LK-112119501	Sri Soratha Mawatha
LK-112119502	kapuwathta
LK-112119503	Sri Soratha Pedesa
LK-112119504	Highlevel Rd
LK-112119505	Paasal Mawatha
LK-112119506	Galhena Rd
LK-112120001	Rabarwaththa Rd
LK-112120002	Rabarwaththa Rd 1st Lane 
LK-112120003	D.L Pathirage Mawatha
LK-112120004	Migahawathta Rd
LK-112120005	Migahawathta Rd (pelpath)
LK-112120006	Old Kesbewa Rd (1/2)
LK-112120007	Wanatha Rd (1/2)
LK-112120008	Wanatha Rd 1s lane
LK-112120009	Wanatha Rd 2nd lane
LK-112120010	Wanatha Rd 3rd lane
LK-112120011	Manel Mawatha
LK-112120012	Wela Rd
LK-112120501	Old Kesbewa Rd
LK-112120502	Pepiliyana Rd
LK-112120503	Walawwaththa Rd
LK-112120504	Udyana Rd
LK-112120505	Jambugasmulla Mawatha
LK-112120506	Jambugasmulla Mawatha 1st Lane
LK-112120507	Jambugasmulla Mawatha 2 nd Lane
LK-112120508	Jambugasmulla Mawatha 3rd Lane
LK-112120509	Jambugasmulla Mawatha 4th Lane
LK-112120510	Jambugasmulla Mawatha 5th Lane
LK-112120511	Jambugasmulla Mawatha 6th Lane
LK-112120512	Jambugasmulla Mawatha 7th Lane
LK-112120513	Jambugasmulla Mawatha 8 lane
LK-112120514	Jambugasmulla Mawatha 9th Lane
LK-112120515	Wekanda Rd
LK-112120516	Thisaragama(Maddumagawaththa Houses)
